Year,"Country of Asylum","Country of Origin","Country of Asylum ISO","Country of Origin ISO",Refugees
2024,-,Afghanistan,-,AFG,5766586
2024,-,Anguilla,-,AIA,0
2024,-,Albania,-,ALB,21875
2024,-,Algeria,-,DZA,8800
2024,-,Andorra,-,AND,5
2024,-,Angola,-,AGO,12545
2024,-,"Antigua and Barbuda",-,ATG,91
2024,-,Egypt,-,EGY,23736
2024,-,Argentina,-,ARG,464
2024,-,Armenia,-,ARM,15933
2024,-,Australia,-,AUS,31
2024,-,Austria,-,AUT,33
2024,-,Azerbaijan,-,AZE,153154
2024,-,Bahrain,-,BHR,289
2024,-,Barbados,-,BRB,415
2024,-,Burundi,-,BDI,322462
2024,-,Belgium,-,BEL,93
2024,-,Benin,-,BEN,1064
2024,-,Bermuda,-,BMU,5
2024,-,Bangladesh,-,BGD,28473
2024,-,Bahamas,-,BHS,1449
2024,-,Bhutan,-,BTN,7433
2024,-,"Burkina Faso",-,BFA,150081
2024,-,Belarus,-,BLR,17704
2024,-,"Bolivia (Plurinational State of)",-,BOL,612
2024,-,Botswana,-,BWA,249
2024,-,Brazil,-,BRA,5072
2024,-,"Brunei Darussalam",-,BRN,0
2024,-,"Bosnia and Herzegovina",-,BIH,26821
2024,-,Bulgaria,-,BGR,498
2024,-,"British Virgin Islands",-,VGB,0
2024,-,Belize,-,BLZ,104
2024,-,Cambodia,-,KHM,11474
2024,-,Canada,-,CAN,309
2024,-,"Central African Rep.",-,CAF,693488
2024,-,Chad,-,TCD,14617
2024,-,China,-,CHN,153564
2024,-,Chile,-,CHL,4809
2024,-,Cameroon,-,CMR,109879
2024,-,Congo,-,COG,14110
2024,-,"Dem. Rep. of the Congo",-,COD,1060086
2024,-,Comoros,-,COM,2322
2024,-,Colombia,-,COL,77775
2024,-,"Costa Rica",-,CRI,316
2024,-,Cuba,-,CUB,23865
2024,-,"Curacao ",-,CUW,8
2024,-,"Cabo Verde",-,CPV,14
2024,-,Cyprus,-,CYP,10
2024,-,Czechia,-,CZE,1057
2024,-,Denmark,-,DNK,16
2024,-,Djibouti,-,DJI,2055
2024,-,Dominica,-,DMA,88
2024,-,"Dominican Rep.",-,DOM,1080
2024,-,Ecuador,-,ECU,5015
2024,-,"Equatorial Guinea",-,GNQ,426
2024,-,Eritrea,-,ERI,551296
2024,-,Estonia,-,EST,126
2024,-,Ethiopia,-,ETH,164423
2024,-,"French Guiana",-,GUF,33
2024,-,Fiji,-,FJI,248
2024,-,Finland,-,FIN,5
2024,-,"New Caledonia",-,NCL,0
2024,-,France,-,FRA,139
2024,-,"Micronesia (Federated States of)",-,FSM,0
2024,-,Gabon,-,GAB,948
2024,-,Gambia,-,GMB,8140
2024,-,"State of Palestine",-,PSE,43712
2024,-,"United Kingdom of Great Britain and Northern Ireland",-,GBR,417
2024,-,Georgia,-,GEO,16554
2024,-,Germany,-,DEU,348
2024,-,Ghana,-,GHA,15078
2024,-,Guadeloupe,-,GLP,17
2024,-,Guinea-Bissau,-,GNB,1900
2024,-,Greece,-,GRC,97
2024,-,Grenada,-,GRD,100
2024,-,Guatemala,-,GTM,36323
2024,-,Guinea,-,GIN,42096
2024,-,Guyana,-,GUY,313
2024,-,Haiti,-,HTI,148252
2024,-,"China, Hong Kong SAR",-,HKG,240
2024,-,Honduras,-,HND,100969
2024,-,Croatia,-,HRV,17891
2024,-,Hungary,-,HUN,1984
2024,-,Iceland,-,ISL,0
2024,-,"Cote d'Ivoire",-,CIV,29442
2024,-,India,-,IND,39303
2024,-,Indonesia,-,IDN,9172
2024,-,Ireland,-,IRL,68
2024,-,"Iran (Islamic Rep. of)",-,IRN,158171
2024,-,Iraq,-,IRQ,305504
2024,-,Israel,-,ISR,1307
2024,-,Italy,-,ITA,263
2024,-,Jamaica,-,JAM,2552
2024,-,Jordan,-,JOR,4990
2024,-,Japan,-,JPN,55
2024,-,Kazakhstan,-,KAZ,4119
2024,-,Kenya,-,KEN,11696
2024,-,Kyrgyzstan,-,KGZ,3400
2024,-,Kiribati,-,KIR,5
2024,-,"Rep. of Korea",-,KOR,142
2024,-,"Dem. People's Rep. of Korea",-,PRK,283
2024,-,Kuwait,-,KWT,3019
2024,-,"Lao People's Dem. Rep.",-,LAO,6556
2024,-,Liberia,-,LBR,5086
2024,-,Libya,-,LBY,17235
2024,-,"Saint Lucia",-,LCA,160
2024,-,Lebanon,-,LBN,9534
2024,-,Lesotho,-,LSO,25
2024,-,"Sri Lanka",-,LKA,147033
2024,-,Lithuania,-,LTU,111
2024,-,Luxembourg,-,LUX,5
2024,-,Latvia,-,LVA,179
2024,-,"China, Macao SAR",-,MAC,15
2024,-,Madagascar,-,MDG,604
2024,-,Martinique,-,MTQ,0
2024,-,Mauritania,-,MRT,38111
2024,-,"North Macedonia",-,MKD,2013
2024,-,"Rep. of Moldova",-,MDA,6236
2024,-,Maldives,-,MDV,76
2024,-,Mexico,-,MEX,39241
2024,-,"Marshall Islands",-,MHL,0
2024,-,Mali,-,MLI,354075
2024,-,Malaysia,-,MYS,1209
2024,-,Malawi,-,MWI,570
2024,-,Montenegro,-,MNE,763
2024,-,Mongolia,-,MNG,2501
2024,-,Morocco,-,MAR,10609
2024,-,Mozambique,-,MOZ,114
2024,-,Malta,-,MLT,10
2024,-,Mauritius,-,MUS,263
2024,-,Myanmar,-,MMR,1322503
2024,-,Namibia,-,NAM,646
2024,-,Nepal,-,NPL,7840
2024,-,"Netherlands (Kingdom of the)",-,NLD,136
2024,-,Niger,-,NER,44119
2024,-,Nicaragua,-,NIC,30020
2024,-,Nigeria,-,NGA,467605
2024,-,Niue,-,NIU,5
2024,-,Norway,-,NOR,22
2024,-,Nauru,-,NRU,5
2024,-,"New Zealand",-,NZL,52
2024,-,Oman,-,OMN,118
2024,-,Pakistan,-,PAK,86285
2024,-,Panama,-,PAN,333
2024,-,Paraguay,-,PRY,170
2024,-,Peru,-,PER,6459
2024,-,Philippines,-,PHL,785
2024,-,"Papua New Guinea",-,PNG,504
2024,-,Poland,-,POL,1528
2024,-,Portugal,-,PRT,110
2024,-,"Puerto Rico",-,PRI,0
2024,-,Qatar,-,QAT,65
2024,-,Romania,-,ROU,2919
2024,-,"South Africa",-,ZAF,1174
2024,-,"Russian Federation",-,RUS,96869
2024,-,Rwanda,-,RWA,249096
2024,-,"El Salvador",-,SLV,71765
2024,-,"Saudi Arabia",-,SAU,2332
2024,-,Senegal,-,SEN,12947
2024,-,Seychelles,-,SYC,10
2024,-,Singapore,-,SGP,45
2024,-,"Sierra Leone",-,SLE,8042
2024,-,"Solomon Islands",-,SLB,44
2024,-,Somalia,-,SOM,894120
2024,-,Spain,-,ESP,174
2024,-,"Serbia and Kosovo: S/RES/1244 (1999)",-,SRB,31438
2024,-,"Viet Nam",-,VNM,19961
2024,-,"South Sudan",-,SSD,2290622
2024,-,Stateless,-,XXA,36296
2024,-,"Saint Kitts and Nevis",-,KNA,27
2024,-,"Sao Tome and Principe",-,STP,5
2024,-,Sudan,-,SDN,2094373
2024,-,Suriname,-,SUR,50
2024,-,Slovakia,-,SVK,664
2024,-,Slovenia,-,SVN,17
2024,-,Eswatini,-,SWZ,150
2024,-,Sweden,-,SWE,98
2024,-,Switzerland,-,CHE,5
2024,-,"Syrian Arab Rep.",-,SYR,5952174
2024,-,"United Rep. of Tanzania",-,TZA,1259
2024,-,"Turks and Caicos Islands",-,TCA,14
2024,-,Thailand,-,THA,300
2024,-,Tibetan,-,TIB,12576
2024,-,Tajikistan,-,TJK,4045
2024,-,Turkmenistan,-,TKM,2580
2024,-,Timor-Leste,-,TLS,5
2024,-,Togo,-,TGO,12685
2024,-,Tonga,-,TON,42
2024,-,"Trinidad and Tobago",-,TTO,474
2024,-,Tunisia,-,TUN,3593
2024,-,Türkiye,-,TUR,139640
2024,-,Tuvalu,-,TUV,0
2024,-,"United Arab Emirates",-,ARE,261
2024,-,Uganda,-,UGA,10384
2024,-,"Unknown ",-,UNK,191689
2024,-,Ukraine,-,UKR,5120036
2024,-,Uruguay,-,URY,131
2024,-,"United States of America",-,USA,4004
2024,-,Uzbekistan,-,UZB,5152
2024,-,Vanuatu,-,VUT,5
2024,-,"Saint Vincent and the Grenadines",-,VCT,186
2024,-,"Venezuela (Bolivarian Republic of)",-,VEN,370169
2024,-,Samoa,-,WSM,8
2024,-,"Western Sahara",-,ESH,174578
2024,-,Yemen,-,YEM,51384
2024,-,Zambia,-,ZMB,337
2024,-,Zimbabwe,-,ZWE,8002
